Q,P,A_base,b_base
"[[2, 0], [0, 3]]","[1, 1]","[[0.3785970878025685, 0.40654264499800374]]",[-0.7286306657669109]
