Q,P,A_base,b_base
"[[2, 0], [0, 3]]","[1, 1]","[[0.5427325452178637, -1.891152093732172]]",[-0.7599301066980018]
