Q,P,A_base,b_base
"[[0.31173912564542305, 0.0], [0.0, 3.0]]","[1.0, 0.08736150635077833]","[[-0.37039263882966883, 1.2100779822701702]]",[-0.6277599050453051]
